100;CMI
110;YS
120;HL
130;BBS
140;ZANG
150;CWN
160;CIXI
170;HW
180;KG
190;XIANGYU
105;ESUN
115;SDHL
125;ZH
135;BOT
145;NXL
155;ZJFD
165;ZJXY
175;AAA
185;XCYW
195;HLBR
101;SCB
102;HSHN
103;HNHL
104;JSGY
106;DEFA
107;TJTR
108;DONGA
109;DING
111;HNDH
112;HNHS
113;LFK
114;YUN
116;HLGS
117;HBZD
118;JSXW
119;CZDT
121;ZJYH
122;HNYH
123;XZD
124;JZSC
126;AIHUA
127;ZJSC
300;LD
310;CZSN
320;CZCY
330;CMI/PEER
340;JDCZ
350;
360;JSJZ
370;CZWJ
380;GXTY
390;LCTP
400;SNTL
410;YMS
420;PEER
430;SK
440;FN
450;LSH
460;QZFY
500;SXSZ
600;HTC
610;XINXIN
620;JNZY
